Vikings ,2
Raiders ,2
Panthers ,2
Colts ,2
Broncos ,2
Falcons ,2
Dolphins ,2
Lions ,2
Bengals ,2
Browns ,2
49ers ,2
Packers ,2
Cardinals ,2
Cowboys ,2
Ravens ,2
Chargers ,2
Steelers ,2
Ravens ,2
Eagles ,2
Cardinals ,2
Dolphins ,2
Chiefs ,2
Buccaneers ,2
Bills ,2
Bears ,2
Seahawks ,2
Rams ,2
Jaguars ,2
Patriots ,2
Texans ,2
Giants ,2
Saints ,2
Bengals ,2
Bills ,2
49ers ,2
Titans ,2
Browns ,2
Steelers ,2
Falcons ,2
Lions ,2
Cowboys ,2
Eagles ,2
Redskins ,2
Colts ,2
Raiders ,2
Chargers ,2
Jets ,2
Packers ,2
49ers ,2
Jets ,2
Ravens ,2
Panthers ,2
Broncos ,2
Seahawks ,2
Bengals ,2
Lions ,2
Colts ,2
Texans ,2
Cardinals ,2
Redskins ,2
Bears ,2
Patriots ,2
Bears ,2
Buccaneers ,2
Rams ,2
Giants ,2
Broncos ,2
Falcons ,2
Chiefs ,2
Jaguars ,2
Packers ,2
Saints ,2
Titans ,2
Chargers ,2
Eagles ,2
Vikings ,2
Falcons ,2
Browns ,2
Seahawks ,2
Dolphins ,2
Lions ,2
Saints ,2
Chargers ,2
Chiefs ,2
Ravens ,2
Raiders ,2
Jets ,2
Cowboys ,2
Colts ,2
Titans ,2
Jaguars ,2
Eagles ,2
Bills ,2
Browns ,2
Redskins ,2
Bengals ,2
Steelers ,2
49ers ,2
Rams ,2
Cardinals ,2
Patriots ,2
Raiders ,2
Vikings ,2
Giants ,2
Bills ,2
Panthers ,2
Broncos ,2
Redskins ,2
Packers ,2
Dolphins ,2
Jaguars ,2
Titans ,2
Buccaneers ,2
Vikings ,2
Seahawks ,2
Steelers ,2
Texans ,2
Chargers ,2
Cardinals ,2
Saints ,2
Patriots ,2
Buccaneers ,2
Bears ,2
Dolphins ,2
Jets ,2
Giants ,2
Colts ,2
Chiefs ,2
Cowboys ,2
Steelers ,2
Ravens ,2
Bengals ,2
Jets ,2
Vikings ,2
Titans ,2
Texans ,2
Lions ,2
Panthers ,2
Chiefs ,2
Rams ,2
Cowboys ,2
Seahawks ,2
Patriots ,2
Eagles ,2
Bears ,2
Raiders ,2
Browns ,2
Redskins ,2
Texans ,2
Ravens ,2
Packers ,2
Cardinals ,2
Lions ,2
Bills ,2
Seahawks ,2
Buccaneers ,2
Falcons ,2
Colts ,2
Giants ,2
Broncos ,2
Patriots ,2
Saints ,2
Bengals ,2
Eagles ,2
Packers ,2
Buccaneers ,2
Titans ,2
Vikings ,2
Jaguars ,2
Steelers ,2
Panthers ,2
Chiefs ,2
Dolphins ,2
Rams ,2
Chargers ,2
49ers ,2
Texans ,2
Browns ,2
49ers ,2
Broncos ,2
Bills ,2
Bears ,2
Jaguars ,2
Redskins ,2
Saints ,2
Falcons ,2
Raiders ,2
Panthers ,2
Rams ,2
Cowboys ,2
Steelers ,2
Jets ,2
Colts ,2
Buccaneers ,2
Browns ,2
Giants ,2
Packers ,2
Raiders ,2
Bengals ,2
Falcons ,2
Patriots ,2
Seahawks ,2
Rams ,2
Broncos ,2
Dolphins ,2
Chiefs ,2
Eagles ,2
Ravens ,2
49ers ,2
Chiefs ,2
Cardinals ,2
Eagles ,2
Lions ,2
Browns ,2
Bills ,2
Redskins ,2
Jaguars ,2
Saints ,2
Texans ,2
Falcons ,2
Jets ,2
Broncos ,2
Packers ,2
Bears ,2
Panthers ,2
Cowboys ,2
Titans ,2
Seahawks ,2
Vikings ,2
Ravens ,2
Patriots ,2
49ers ,2
Lions ,2
Redskins ,2
Jets ,2
Texans ,2
Colts ,2
Giants ,2
Chargers ,2
Saints ,2
Bears ,2
Dolphins ,2
Vikings ,2
Panthers ,2
Giants ,2
Raiders ,2
Steelers ,2
Jaguars ,2
Bills ,2
Buccaneers ,2
Cowboys ,2
Bengals ,2
Titans ,2
Chargers ,2
Cardinals ,2
Rams ,2
